{
	"menu": [
		{
			"name": "门店中心",
			"className": "storecenter",
			"img": "https://weiopn.oss-cn-beijing.aliyuncs.com/wx_retailer/common/nav_icon_storecenter.png",
			"imgactive": "https://weiopn.oss-cn-beijing.aliyuncs.com/wx_retailer/shankun/nav_icon_storecenter-active.png",
			"path": "/retailer/index"
		},
		{
			"name": "我的钱包",
			"className": "wallet",
			"img": "https://weiopn.oss-cn-beijing.aliyuncs.com/wx_retailer/common/nav_icon_wallet.png",
			"imgactive": "https://weiopn.oss-cn-beijing.aliyuncs.com/wx_retailer/shankun/nav_icon_wallet-active.png",
			"path": "/retailer/wallet"
		}
	],
	"ok": true
}