{
	"menu": [{
			"name": "门店中心",
			"className": "storecenter",
			"img": "/static/image/common/nav_icon_storecenter.png",
			"imgactive": "/static/image/henan/nav_icon_storecenter-active.png",
			"path": "/retailer/index"
		},
		{
			"name": "我的业绩",
			"className": "performance",
			"img": "/static/image/common/nav_icon_performance.png",
			"imgactive": "/static/image/henan/nav_icon_performance-active.png",
			"path": "/retailer/performance"
		},
		{
			"name": "我的钱包",
			"className": "wallet",
			"img": "/static/image/common/nav_icon_wallet.png",
			"imgactive": "/static/image/henan/nav_icon_wallet-active.png",
			"path": "/retailer/wallet"
		}
	],
	"ok": true
}